,source,target,numbers
0,yyan,liuyh,3
1,yyan,wwang,1
2,yyan,mnjtli,3
3,yyan,acwang,2
4,yyan,bcyuchen,2
5,yyan,mkyzhao,4
6,yyan,ceghchen,2
7,yyan,bli,2
8,yyan,imhzhang,6
9,yyan,xuhuihuang,2
10,yyan,phkswong,1
11,yyan,qianliu,4
12,yyan,luo,4
13,yyan,leichen,4
14,yyan,chsyang,1
15,yyan,eezxli,2
16,sccheung,hunkim,4
17,sccheung,mnjtli,1
18,sccheung,ni,7
19,sccheung,yyli,1
20,sccheung,ceghchen,4
21,sccheung,kytam,3
22,sccheung,eequ,8
23,sccheung,phxwan,8
24,sccheung,qyang,3
25,sccheung,qianliu,3
26,sccheung,luo,3
27,sccheung,acty,1
28,sccheung,xzwzb,1
29,sccheung,mkyzhao,2
30,sccheung,huamin,1
31,sccheung,liuyh,8
32,sccheung,muppala,1
33,sccheung,imhzhang,2
34,hamdi,liuyh,4
35,hamdi,eermurch,1
36,hamdi,karhade,6
37,hamdi,eekhaled,6
38,hamdi,ni,3
39,hamdi,lixin,9
40,hamdi,muppala,22
41,hamdi,eelea,1
42,hamdi,roychoi,1
43,hamdi,kekyeung,1
44,hamdi,bli,3
45,hamdi,eetsang,10
46,hamdi,qianzh,9
47,hamdi,eexu,9
48,hamdi,eetsui,5
49,hamdi,bcyuchen,4
50,hamdi,ackn,1
51,hamdi,dimitris,1
52,cecwwng,leichen,1
53,cecwwng,acwang,1
54,cecwwng,ynhong,11
55,cecwwng,eeyuan,1
56,cecwwng,liuhb,3
57,cecwwng,phkswong,9
58,cecwwng,eealbert,1
59,cecwwng,imhzhang,2
60,cecwwng,cetung,5
61,cecwwng,gchan,1
62,cecwwng,ceyhwang,2
63,cecwwng,eezxli,1
64,cecwwng,bcyuchen,1
65,cecwwng,hmwhchan,10
66,cecwwng,mzhang,10
67,cecwwng,eequ,1
68,cecwwng,phxwan,1
69,cecwwng,cezhangl,23
70,cecwwng,bczgwu,23
71,keychau,chsyang,2
72,hxue,chsyang,2
73,keychau,leichen,1
74,hxue,leichen,1
75,keychau,majing,1
76,keychau,mkjiewen,1
77,hxue,majing,1
78,hxue,mkjiewen,1
79,keychau,botsim,4
80,hxue,botsim,4
81,keychau,mnjtli,2
82,hxue,mnjtli,2
83,keychau,liuhb,6
84,hxue,liuhb,6
85,keychau,phyang,1
86,hxue,phyang,1
87,keychau,tonyfchan,2
88,keychau,elai,2
89,hxue,tonyfchan,2
90,hxue,elai,2
91,keychau,chxyli,1
92,hxue,chxyli,1
93,keychau,eekjchen,1
94,hxue,eekjchen,1
95,keychau,imhzhang,1
96,hxue,imhzhang,1
97,keychau,qyang,24
98,hxue,qyang,24
99,keychau,sytsang,40
100,hxue,sytsang,40
101,keychau,mnjhe,2
102,keychau,cehyang,2
103,hxue,mnjhe,2
104,hxue,cehyang,2
105,keychau,acgzhang,1
106,hxue,acgzhang,1
107,keychau,meygao,1
108,hxue,meygao,1
109,keychau,mnheli,4
110,hxue,mnheli,4
111,keychau,xzwzb,23
112,hxue,xzwzb,23
113,keychau,mkyzhao,1
114,hxue,mkyzhao,1
115,keychau,eezxli,2
116,hxue,eezxli,2
117,keychau,wwang,1
118,hxue,wwang,1
119,keychau,chwill,1
120,hxue,chwill,1
121,keychau,eequ,2
122,keychau,phxwan,2
123,hxue,eequ,2
124,hxue,phxwan,2
125,keychau,yilong,4
126,hxue,yilong,4
127,zilong,chsyang,2
128,zilong,liuyh,1
129,zilong,yyli,1
130,zilong,zwei,2
131,zilong,zongjin,1
132,zilong,hmwhchan,4
133,zilong,mzhang,4
134,zilong,meleng,1
135,zilong,socai,1
136,zilong,phwen,1
137,zilong,huamin,1
138,zilong,mnjhe,1
139,zilong,cehyang,1
140,zilong,meqpsun,4
141,xzwzb,chsyang,1
142,xzwzb,phjwang,5
143,xzwzb,phzktang,3
144,xzwzb,boqianpy,1
145,xzwzb,biolko,1
146,xzwzb,phwang,4
147,xzwzb,ni,3
148,xzwzb,boip,1
149,xzwzb,karhade,1
150,xzwzb,eekhaled,1
151,xzwzb,zwei,1
152,xzwzb,phyang,1
153,xzwzb,eecheng,3
154,xzwzb,eekjchen,2
155,xzwzb,chjacky,2
156,xzwzb,qyang,1
157,xzwzb,fuqi,1
158,xzwzb,socai,2
159,xzwzb,phwen,2
160,xzwzb,meygao,2
161,xzwzb,sheng,6
162,xzwzb,eermurch,3
163,xzwzb,zongjin,1
164,xzwzb,penger,2
165,xzwzb,shiu,2
166,xzwzb,eeknlau,7
167,xzwzb,mejkkim,7
168,xzwzb,eezxli,1
169,xzwzb,lzhang,1
170,xzwzb,wwang,2
171,xzwzb,ckleung,2
172,xzwzb,bccliang,2
173,xzwzb,maqian,1
174,xzwzb,hmwhchan,3
175,xzwzb,mzhang,3
176,xzwzb,tangbenz,4
177,xzwzb,sytsang,22
178,xzwzb,gchan,3
179,xzwzb,sfleung,2
180,xzwzb,kefgao,2
181,xzwzb,eelyobas,1
182,xzwzb,chjianyu,1
183,eetsang,leichen,3
184,eetsang,kemckayg,1
185,eetsang,botsim,1
186,eetsang,bli,2
187,eetsang,eejames,3
188,eetsang,qianzh,2
189,eetsang,eexu,2
190,eetsang,eelea,1
191,eetsang,mezhangt,9
192,eetsang,eezxli,4
193,eetsang,csbb,32
194,eetsang,wwang,3
195,eetsang,bcyuchen,4
196,eetsang,imhzhang,1
197,eetsang,gchan,3
198,cemclo,cejcheng,6
199,cemclo,kechengh,11
200,cemclo,ceghchen,12
201,cemclo,mnheli,1
202,cemclo,zongjin,1
203,cemclo,magan,3
204,cemclo,cechii,3
205,cemclo,qianzh,1
206,cemclo,eexu,1
207,cemclo,maklchan,1
208,kekflam,kemckayg,22
209,kekflam,kekyeung,39
210,kekflam,barford,1
211,kekflam,keclin,2
212,kekflam,qianzh,1
213,kekflam,eexu,1
214,eebermak,cechang,5
215,eebermak,eechigr,9
216,eebermak,lingu,1
217,eebermak,eeawpoon,1
218,eebermak,eekwok,2
219,eebermak,eeyuan,1
220,eebermak,mchan,4
221,eebermak,hmwhchan,19
222,eebermak,mzhang,19
223,eebermak,eeki,2
224,eebermak,meymf,2
225,eebermak,sunjw,2
226,eebermak,eeluong,4
227,eebermak,meqiu,4
228,eebermak,eezfan,3
229,eebermak,eetsui,3
230,eebermak,meyklee,2
231,nlee,fuqi,2
232,nlee,rhyso,1
233,nlee,season,1
234,nlee,ravindra,2
235,nlee,eeemma,2
236,nlee,joneja,11
237,nlee,achsieh,1
238,mkguo,barford,3
239,mamsxiong,barford,3
240,mkguo,meymf,1
241,mkguo,sunjw,1
242,mamsxiong,meymf,1
243,mamsxiong,sunjw,1
244,mkguo,jxia,1
245,mamsxiong,jxia,1
246,mkguo,kechengh,2
247,mamsxiong,kechengh,2
248,mkguo,cding,4
249,mamsxiong,cding,4
250,ackn,liuyh,3
251,dimitris,liuyh,3
252,ackn,dlee,2
253,dimitris,dlee,2
254,ackn,stavrosp,17
255,dimitris,stavrosp,17
256,meshyao,yyli,5
257,cktang,yyli,5
258,meshyao,tonyfchan,3
259,meshyao,elai,3
260,cktang,tonyfchan,3
261,cktang,elai,3
262,meshyao,quan,1
263,cktang,quan,1
264,meshyao,helens,1
265,cktang,helens,1
266,meshyao,achung,1
267,cktang,achung,1
268,meshyao,chzlin,3
269,cktang,chzlin,3
270,meshyao,eezxli,1
271,cktang,eezxli,1
272,eekmlau,leichen,1
273,taicl,leichen,1
274,eekmlau,mnjhe,1
275,eekmlau,cehyang,1
276,taicl,mnjhe,1
277,taicl,cehyang,1
278,eekmlau,mnheli,1
279,taicl,mnheli,1
280,eekmlau,pengq,1
281,taicl,pengq,1
282,eekmlau,mektang,1
283,taicl,mektang,1
284,eekmlau,quan,3
285,taicl,quan,3
286,eekmlau,rickylee,1
287,taicl,rickylee,1
288,eekmlau,xuhuihuang,1
289,taicl,xuhuihuang,1
290,eekmlau,imhzhang,3
291,taicl,imhzhang,3
292,eekmlau,gwang,1
293,taicl,gwang,1
294,jingzhu,liuyh,1
295,weishyy,liuyh,1
296,jingzhu,zwei,4
297,weishyy,zwei,4
298,jingzhu,jiheng,4
299,jingzhu,metzhao,4
300,weishyy,jiheng,4
301,weishyy,metzhao,4
302,jingzhu,dchoi,1
303,weishyy,dchoi,1
304,jingzhu,jzhao,2
305,weishyy,jzhao,2
306,jingzhu,hmwhchan,2
307,jingzhu,mzhang,2
308,weishyy,hmwhchan,2
309,weishyy,mzhang,2
310,jingzhu,gwang,9
311,weishyy,gwang,9
312,jingzhu,liuhb,13
313,weishyy,liuhb,13
314,jingzhu,mebhuang,1
315,weishyy,mebhuang,1
316,botsim,hmcheung,1
317,botsim,bcwkrw,1
318,botsim,mnjtli,44
319,botsim,biolko,1
320,botsim,eeyu,1
321,botsim,boningli,1
322,botsim,meyklee,1
323,botsim,roychoi,175
324,botsim,kehsing,1
325,botsim,meygao,1
326,botsim,liuhb,1
327,botsim,boip,29
328,botsim,boyung,9
329,botsim,xuyan,1
330,botsim,liuyh,2
331,botsim,majhu,16
332,botsim,penghb,16
333,botsim,maklchan,1
334,botsim,boamy,15
335,botsim,fuqi,11
336,botsim,bokchow,3
337,botsim,mkyzhao,1
338,botsim,eezxli,4
339,botsim,chxyli,2
340,botsim,bcyuchen,1
341,botsim,kachan,2
342,botsim,kehlam,5
343,botsim,kekmng,1
344,botsim,eequ,2
345,botsim,phxwan,2
346,botsim,mnygong,1
347,botsim,yilong,8
348,botsim,bcrko,2
349,jhwlee,yyli,2
350,jhwlee,ceghchen,1
351,jhwlee,alau,8
352,jhwlee,jqljzl,8
353,jhwlee,dchoi,1
354,jhwlee,magan,1
355,jhwlee,wwang,2
356,jhwlee,keckchan,1
357,jhwlee,phyang,1
358,jhwlee,liuhb,6
359,jhwlee,eezxli,1
360,eetsui,eemok,6
361,eetsui,eepatrick,1
362,eetsui,karhade,2
363,eetsui,eekhaled,2
364,eetsui,mchan,2
365,eetsui,cding,1
366,eetsui,eecheng,22
367,eetsui,bli,1
368,eetsui,eejames,1
369,eetsui,eelea,3
370,eetsui,eewhmow,8
371,eetsui,eeluong,8
372,eetsui,meqiu,8
373,eetsui,wwang,5
374,eetsui,eeki,67
375,eetsui,meymf,2
376,eetsui,sunjw,2
377,eetsui,imhzhang,1
378,hmwhchan,chsyang,5
379,mzhang,chsyang,5
380,hmwhchan,ynhong,1
381,mzhang,ynhong,1
382,hmwhchan,eemwong,23
383,hmwhchan,imzheng,23
384,mzhang,eemwong,23
385,mzhang,imzheng,23
386,hmwhchan,mnjtli,2
387,mzhang,mnjtli,2
388,hmwhchan,leichen,3
389,mzhang,leichen,3
390,hmwhchan,wanj,4
391,mzhang,wanj,4
392,hmwhchan,phzktang,12
393,mzhang,phzktang,12
394,hmwhchan,chdai,2
395,mzhang,chdai,2
396,hmwhchan,jxia,5
397,mzhang,jxia,5
398,hmwhchan,imqli,7
399,hmwhchan,tseng,7
400,mzhang,imqli,7
401,mzhang,tseng,7
402,hmwhchan,eesin,1
403,mzhang,eesin,1
404,hmwhchan,boip,3
405,mzhang,boip,3
406,hmwhchan,yyli,1
407,mzhang,yyli,1
408,hmwhchan,zwei,21
409,mzhang,zwei,21
410,hmwhchan,phkswong,1
411,mzhang,phkswong,1
412,hmwhchan,zhang,3
413,mzhang,zhang,3
414,hmwhchan,tangbenz,2
415,mzhang,tangbenz,2
416,hmwhchan,phlaw,1
417,mzhang,phlaw,1
418,hmwhchan,lortz,1
419,mzhang,lortz,1
420,hmwhchan,chjacky,1
421,mzhang,chjacky,1
422,hmwhchan,qyang,3
423,mzhang,qyang,3
424,hmwhchan,phkkfung,1
425,hmwhchan,imsmng,1
426,mzhang,phkkfung,1
427,mzhang,imsmng,1
428,hmwhchan,eelea,9
429,mzhang,eelea,9
430,hmwhchan,kehlam,1
431,mzhang,kehlam,1
432,hmwhchan,socai,36
433,hmwhchan,phwen,36
434,mzhang,socai,36
435,mzhang,phwen,36
436,hmwhchan,sheng,8
437,mzhang,sheng,8
438,hmwhchan,botin,1
439,mzhang,botin,1
440,hmwhchan,qianzh,15
441,hmwhchan,eexu,15
442,mzhang,qianzh,15
443,mzhang,eexu,15
444,hmwhchan,mkyzhao,5
445,mzhang,mkyzhao,5
446,hmwhchan,quan,1
447,mzhang,quan,1
448,hmwhchan,rickylee,7
449,mzhang,rickylee,7
450,hmwhchan,eeyu,1
451,hmwhchan,boningli,1
452,mzhang,eeyu,1
453,mzhang,boningli,1
454,hmwhchan,eekwok,23
455,mzhang,eekwok,23
456,hmwhchan,palomar,4
457,mzhang,palomar,4
458,hmwhchan,wwang,9
459,mzhang,wwang,9
460,hmwhchan,bodkb,5
461,mzhang,bodkb,5
462,hmwhchan,phwang,6
463,mzhang,phwang,6
464,hmwhchan,ravindra,2
465,hmwhchan,eeemma,2
466,mzhang,ravindra,2
467,mzhang,eeemma,2
468,hmwhchan,mscheung,3
469,mzhang,mscheung,3
470,hmwhchan,meymf,6
471,hmwhchan,sunjw,6
472,mzhang,meymf,6
473,mzhang,sunjw,6
474,hmwhchan,eequ,1
475,hmwhchan,phxwan,1
476,mzhang,eequ,1
477,mzhang,phxwan,1
478,hmwhchan,sfleung,1
479,hmwhchan,kefgao,1
480,mzhang,sfleung,1
481,mzhang,kefgao,1
482,hmwhchan,flin,3
483,hmwhchan,mejswu,3
484,mzhang,flin,3
485,mzhang,mejswu,3
486,hmwhchan,eelyobas,2
487,hmwhchan,chjianyu,2
488,mzhang,eelyobas,2
489,mzhang,chjianyu,2
490,kenma,eezxli,1
491,kenma,rycpoon,25
492,kenma,bcyuchen,2
493,imayha,imhzhang,1
494,majhu,boip,1
495,penghb,boip,1
496,majhu,bcyuchen,1
497,penghb,bcyuchen,1
498,majhu,mkyzhao,1
499,penghb,mkyzhao,1
500,majhu,roychoi,1
501,penghb,roychoi,1
502,majhu,imhzhang,1
503,penghb,imhzhang,1
504,majhu,boamy,1
505,penghb,boamy,1
506,majhu,liuhb,1
507,penghb,liuhb,1
508,malwu,liuyh,1
509,mewye,liuyh,1
510,malwu,boip,2
511,mewye,boip,2
512,malwu,sheng,1
513,mewye,sheng,1
514,malwu,wanj,1
515,mewye,wanj,1
516,malwu,eewhmow,1
517,mewye,eewhmow,1
518,malwu,phwang,1
519,mewye,phwang,1
520,malwu,eequ,8
521,malwu,phxwan,8
522,mewye,eequ,8
523,mewye,phxwan,8
524,malwu,bli,1
525,mewye,bli,1
526,malwu,liuhb,1
527,mewye,liuhb,1
528,phszeto,chsyang,1
529,phszeto,sheng,3
530,phszeto,maxiang,2
531,phszeto,gwang,4
532,phszeto,keckchan,2
533,phszeto,phtam,13
534,phszeto,dekai,10
535,mnjhe,chsyang,1
536,cehyang,chsyang,1
537,mnjhe,kepgao,1
538,cehyang,kepgao,1
539,mnjhe,mnjtli,1
540,cehyang,mnjtli,1
541,mnjhe,acwang,1
542,cehyang,acwang,1
543,mnjhe,phjwang,4
544,cehyang,phjwang,4
545,mnjhe,phzktang,1
546,cehyang,phzktang,1
547,mnjhe,mebhuang,2
548,cehyang,mebhuang,2
549,mnjhe,jiheng,11
550,mnjhe,metzhao,11
551,cehyang,jiheng,11
552,cehyang,metzhao,11
553,mnjhe,phkswong,4
554,cehyang,phkswong,4
555,mnjhe,cehklo,19
556,cehyang,cehklo,19
557,mnjhe,wanj,19
558,cehyang,wanj,19
559,mnjhe,qianzh,1
560,mnjhe,eexu,1
561,cehyang,qianzh,1
562,cehyang,eexu,1
563,mnjhe,bli,2
564,cehyang,bli,2
565,mnjhe,qyang,1
566,cehyang,qyang,1
567,mnjhe,dekai,3
568,cehyang,dekai,3
569,mnjhe,leichen,2
570,cehyang,leichen,2
571,mnjhe,eeknlau,1
572,mnjhe,mejkkim,1
573,cehyang,eeknlau,1
574,cehyang,mejkkim,1
575,mnjhe,liuyh,2
576,cehyang,liuyh,2
577,mnjhe,chguo,4
578,cehyang,chguo,4
579,mnjhe,phgkwong,4
580,cehyang,phgkwong,4
581,mnjhe,phwang,1
582,cehyang,phwang,1
583,mnjhe,eequ,13
584,mnjhe,phxwan,13
585,cehyang,eequ,13
586,cehyang,phxwan,13
587,mnjhe,phloy,1
588,cehyang,phloy,1
589,rossiter,rhyso,1
590,rossiter,gibson,13
591,rossiter,muppala,1
592,zongjin,jiheng,1
593,zongjin,metzhao,1
594,zongjin,ceghchen,1
595,zongjin,bli,1
596,zongjin,penger,2
597,zongjin,shiu,2
598,zongjin,liuyh,1
599,zongjin,meygao,3
600,zongjin,sheng,2
601,zongjin,mkyzhao,2
602,zongjin,chzlin,1
603,zongjin,eezxli,269
604,zongjin,ckleung,4
605,zongjin,chwill,1
606,zongjin,eequ,2
607,zongjin,phxwan,2
608,zongjin,yilong,2
609,zongjin,phyang,1
610,keclin,yyli,1
611,keclin,kemckayg,1
612,keclin,kehui,1
613,keclin,ceghchen,1
614,keclin,liuhb,1
615,socho,liuyh,1
616,fred,liuyh,1
617,socho,yyli,1
618,fred,yyli,1
619,socho,jzhao,1
620,fred,jzhao,1
621,socho,dlee,4
622,fred,dlee,4
623,socho,gwang,11
624,fred,gwang,11
625,socho,imhzhang,1
626,fred,imhzhang,1
627,socho,dyyeung,7
628,fred,dyyeung,7
629,socho,qyang,1
630,fred,qyang,1
631,eezxli,leichen,2
632,eezxli,ynhong,9
633,eezxli,phzktang,3
634,eezxli,eesin,1
635,eezxli,jiheng,1
636,eezxli,metzhao,1
637,eezxli,eekwok,10
638,eezxli,phkswong,3
639,eezxli,phkkfung,1
640,eezxli,imsmng,1
641,eezxli,boamy,6
642,eezxli,mezhangt,4
643,eezxli,mnheli,8
644,eezxli,chwill,8
645,eezxli,kepgao,2
646,eezxli,phchan,1
647,eezxli,barnie,3
648,eezxli,eemok,1
649,eezxli,bli,2
650,eezxli,qianzh,2
651,eezxli,eexu,2
652,eezxli,qianliu,1
653,eezxli,luo,1
654,eezxli,sheng,2
655,eezxli,chrenneb,1
656,eezxli,chguo,1
657,eezxli,keymix,1
658,eezxli,chjiag,1
659,eezxli,eeki,1
660,eezxli,meymf,3
661,eezxli,sunjw,3
662,eezxli,meyhchao,2
663,eezxli,chsyang,2
664,eezxli,mnjtli,19
665,eezxli,ceneilm,1
666,eezxli,boip,7
667,eezxli,xuyan,4
668,eezxli,matom,3
669,eezxli,eetim,3
670,eezxli,kecmchan,1
671,eezxli,hmtsliu,1
672,eezxli,dlee,2
673,eezxli,raywong,2
674,eezxli,eeknlau,10
675,eezxli,mejkkim,10
676,eezxli,eesling,1
677,eezxli,kechengh,5
678,eezxli,ckleung,3
679,eezxli,eequ,3
680,eezxli,phxwan,3
681,eezxli,rickylee,2
682,eezxli,mezli,79
683,eezxli,majing,3
684,eezxli,mkjiewen,3
685,eezxli,wanj,1
686,eezxli,meyklee,1
687,eezxli,roychoi,1
688,eezxli,mebhuang,1
689,eezxli,yyli,2
690,eezxli,cechang,6
691,eezxli,eealbert,4
692,eezxli,tangbenz,52
693,eezxli,eekjchen,1
694,eezxli,chjacky,38
695,eezxli,socai,1
696,eezxli,phwen,1
697,eezxli,meygao,24
698,eezxli,xhzheng,2
699,eezxli,hyan,2
700,eezxli,chzlin,1
701,eezxli,liuyh,9
702,eezxli,meqpsun,1
703,eezxli,eelyobas,2
704,eezxli,chjianyu,2
705,eezxli,eezeng,1
706,wwang,chsyang,1
707,wwang,ynhong,2
708,wwang,mezli,3
709,wwang,phchan,1
710,wwang,meyklee,4
711,wwang,acgzhang,2
712,wwang,jxia,2
713,wwang,boqianpy,1
714,wwang,xuhuihuang,2
715,wwang,eeluong,6
716,wwang,meqiu,6
717,wwang,imqli,3
718,wwang,tseng,3
719,wwang,zwei,3
720,wwang,qirz,1
721,wwang,muppala,1
722,wwang,mchan,11
723,wwang,mchao,2
724,wwang,qianzh,18
725,wwang,eexu,18
726,wwang,eequ,3
727,wwang,phxwan,3
728,wwang,qyang,1
729,wwang,bohuangp,3
730,wwang,socai,1
731,wwang,phwen,1
732,wwang,mezhangt,2
733,wwang,mnheli,2
734,wwang,phnlin,19
735,wwang,quan,1
736,wwang,raywong,2
737,wwang,dusw,1
738,wwang,lzhang,1
739,wwang,keymix,3
740,wwang,kechengh,27
741,wwang,eekwok,3
742,wwang,mscheung,7
743,wwang,tangbenz,4
744,wwang,eemckay,2
745,wwang,cezhangl,1
746,wwang,bczgwu,1
747,wwang,sfleung,2
748,wwang,kefgao,2
749,wwang,onon,1
750,wwang,xuyan,10
751,kekmng,chsyang,3
752,kekmng,ynhong,2
753,kekmng,makxu,14
754,kekmng,kekelvin,14
755,kekmng,mnjtli,2
756,kekmng,kekyeung,2
757,kekmng,tangbenz,5
758,kekmng,chjacky,1
759,kekmng,qianliu,1
760,kekmng,luo,1
761,kekmng,kecmchan,51
762,kekmng,hmtsliu,51
763,kekmng,bokchow,1
764,kekmng,mnheli,11
765,kekmng,keckchan,1
766,kekmng,eeknlau,1
767,kekmng,mejkkim,1
768,kekmng,meymf,1
769,kekmng,sunjw,1
770,kekmng,phtam,2
771,kekmng,bcrko,6
772,imhzhang,hunkim,4
773,imhzhang,chsyang,5
774,imhzhang,kehsing,3
775,imhzhang,phchan,1
776,imhzhang,tangbenz,7
777,imhzhang,phzktang,3
778,imhzhang,eeyu,1
779,imhzhang,boningli,1
780,imhzhang,boqianpy,9
781,imhzhang,xuhuihuang,1
782,imhzhang,cejkuang,6
783,imhzhang,ni,2
784,imhzhang,boyung,2
785,imhzhang,phkswong,1
786,imhzhang,chxyli,6
787,imhzhang,bli,6
788,imhzhang,eekjchen,11
789,imhzhang,lortz,2
790,imhzhang,chjacky,1
791,imhzhang,qyang,8
792,imhzhang,cetung,2
793,imhzhang,boxuying,1
794,imhzhang,yilong,1
795,imhzhang,sheng,9
796,imhzhang,qianzh,3
797,imhzhang,eexu,3
798,imhzhang,quan,6
799,imhzhang,eeknlau,3
800,imhzhang,mejkkim,3
801,imhzhang,chzlin,5
802,imhzhang,eesling,9
803,imhzhang,chjiag,2
804,imhzhang,kechengh,8
805,imhzhang,ieemqi,1
806,imhzhang,phwang,5
807,imhzhang,chwill,1
808,imhzhang,eemckay,3
809,imhzhang,gchan,3
810,imhzhang,meleng,8
811,sfleung,kepgao,1
812,kefgao,kepgao,1
813,sfleung,kechengh,5
814,kefgao,kechengh,5
815,sfleung,acwang,2
816,kefgao,acwang,2
817,sfleung,mnheli,1
818,kefgao,mnheli,1
819,sfleung,jzhao,2
820,kefgao,jzhao,2
821,sfleung,ceghchen,5
822,kefgao,ceghchen,5
823,sfleung,yyli,1
824,kefgao,yyli,1
825,sfleung,huamin,2
826,kefgao,huamin,2
827,sfleung,xuhuihuang,1
828,kefgao,xuhuihuang,1
829,sfleung,meleng,2
830,kefgao,meleng,2
831,sfleung,maqmshao,1
832,kefgao,maqmshao,1
833,cehklo,cetung,1
834,cehklo,meyklee,1
835,cehklo,bmak,1
836,klhui,xuyan,1
837,klhui,kytam,4
838,phjwang,chsyang,14
839,phjwang,phchan,14
840,phjwang,acwang,1
841,phjwang,jzhao,1
842,phjwang,liuhb,12
843,phjwang,phbaf,1
844,phjwang,zwei,3
845,phjwang,xuyan,1
846,phjwang,tangbenz,1
847,phjwang,phlaw,3
848,phjwang,qianzh,1
849,phjwang,eexu,1
850,phjwang,lortz,2
851,phjwang,bli,14
852,phjwang,mahuang,4
853,phjwang,gzhu,4
854,phjwang,phkkfung,3
855,phjwang,imsmng,3
856,phjwang,eekjchen,8
857,phjwang,mezhangt,7
858,phjwang,liuyh,1
859,phjwang,sheng,14
860,phjwang,mkyzhao,1
861,phjwang,phzktang,3
862,phjwang,phloy,1
863,phjwang,phgkwong,9
864,phjwang,bcyuchen,1
865,phjwang,maqian,1
866,phjwang,phwang,21
867,phjwang,gwang,6
868,phjwang,eequ,1
869,phjwang,phxwan,1
870,phjwang,phkswong,1
871,xuhuihuang,chsyang,3
872,xuhuihuang,ynhong,2
873,xuhuihuang,phchan,12
874,xuhuihuang,wanj,2
875,xuhuihuang,chdai,6
876,xuhuihuang,boqianpy,1
877,xuhuihuang,boip,2
878,xuhuihuang,yyli,1
879,xuhuihuang,phkswong,1
880,xuhuihuang,tonyfchan,2
881,xuhuihuang,elai,2
882,xuhuihuang,boxuying,1
883,xuhuihuang,chwill,2
884,xuhuihuang,boamy,2
885,xuhuihuang,chjacky,3
886,xuhuihuang,socai,6
887,xuhuihuang,phwen,6
888,xuhuihuang,meygao,6
889,xuhuihuang,sheng,6
890,xuhuihuang,mkyzhao,3
891,xuhuihuang,mnlfarh,1
892,xuhuihuang,hymak,1
893,xuhuihuang,rickylee,9
894,xuhuihuang,keckchan,1
895,xuhuihuang,chzlin,14
896,xuhuihuang,psander,1
897,xuhuihuang,chjiag,4
898,xuhuihuang,tangbenz,4
899,xuhuihuang,mnygong,1
900,xuhuihuang,kwtleung,1
901,golin,acgzhang,1
902,golin,bli,4
903,golin,mnjtli,2
904,golin,scklau,1
905,golin,arya,1
906,golin,eelea,5
907,ackoh,mnheli,2
908,kehlam,liuyh,1
909,kehlam,chsyang,1
910,kehlam,yyli,3
911,kehlam,mnjtli,1
912,kehlam,xuyan,2
913,kehlam,roychoi,1
914,kehlam,boqianpy,2
915,kehlam,eeyu,1
916,kehlam,boningli,1
917,kehlam,boxuying,2
918,kehlam,achung,1
919,xuyan,chsyang,8
920,xuyan,mchan,4
921,xuyan,chdai,1
922,xuyan,joneja,4
923,xuyan,kehsing,1
924,xuyan,boyung,1
925,xuyan,eealbert,2
926,xuyan,boxuying,52
927,xuyan,kytam,2
928,xuyan,qyang,1
929,xuyan,cetung,2
930,xuyan,socai,1
931,xuyan,phwen,1
932,xuyan,qianzh,6
933,xuyan,eexu,6
934,xuyan,mektang,1
935,xuyan,raywong,7
936,xuyan,eekwok,1
937,xuyan,dusw,1
938,xuyan,boqianpy,53
939,xuyan,kechengh,1
940,xuyan,ckleung,9
941,xuyan,magan,1
942,xuyan,cechii,1
943,xuyan,cezhangl,30
944,xuyan,bczgwu,30
945,xuyan,onon,5
946,xuyan,jthong,8
947,xuyan,bcrko,1
948,kehui,acgzhang,1
949,kehui,kemckayg,19
950,kehui,zwei,1
951,kehui,mabfchen,2
952,kehui,eeyuan,1
953,kehui,ieemqi,2
954,kehui,kekyeung,1
955,kehui,bli,2
956,ghidaoui,kecmchan,1
957,ghidaoui,hmtsliu,1
958,ghidaoui,cetung,18
959,ghidaoui,ceneilm,1
960,ghidaoui,eeyu,1
961,ghidaoui,boningli,1
962,ghidaoui,liuhb,11
963,matom,eecheng,2
964,eetim,eecheng,2
965,matom,eealbert,7
966,eetim,eealbert,7
967,maklchan,botin,1
968,maklchan,jamesk,1
969,maklchan,kachan,10
970,maklchan,roychoi,1
971,maklchan,meymf,1
972,maklchan,sunjw,1
973,maklchan,dyyeung,1
974,maklchan,johnwei,1
975,fuqi,tangbenz,1
976,fuqi,phwang,1
977,fuqi,roychoi,10
978,fuqi,phnlin,1
979,fuqi,cylee,3
980,dlee,lzhang,1
981,dlee,wng,9
982,dlee,kwtleung,12
983,dlee,qianliu,4
984,dlee,luo,4
985,dlee,eequ,1
986,dlee,phxwan,1
987,dlee,bli,4
988,raywong,liuyh,6
989,raywong,leichen,1
990,raywong,mnjtli,8
991,raywong,bcyuchen,1
992,raywong,wng,1
993,raywong,mnheli,1
994,roychoi,mnjtli,25
995,roychoi,eequ,1
996,roychoi,phxwan,1
997,roychoi,immkpso,2
998,roychoi,boyung,3
999,roychoi,qianliu,1
1000,roychoi,luo,1
1001,kechengh,leichen,1
1002,kechengh,mnjtli,1
1003,kechengh,acwang,9
1004,kechengh,kepgao,7
1005,kechengh,eeyu,1
1006,kechengh,boningli,1
1007,kechengh,eeshsong,3
1008,kechengh,sowu,3
1009,kechengh,liuhb,1
1010,kechengh,ceghchen,209
1011,kechengh,gwang,2
1012,kechengh,qianzh,4
1013,kechengh,eexu,4
1014,kechengh,dekai,1
1015,kechengh,acgzhang,1
1016,kechengh,mezhangt,3
1017,kechengh,keymix,2
1018,kechengh,liuyh,2
1019,kechengh,bcyuchen,2
1020,kechengh,kachan,1
1021,kechengh,phwang,4
1022,kechengh,meymf,2
1023,kechengh,sunjw,2
1024,mnrikit,ynhong,1
1025,mnrikit,mnjtli,2
1026,mnrikit,ceghchen,2
1027,mnrikit,mnheli,1
1028,mnrikit,mchao,1
1029,mnrikit,mnlfarh,1
1030,mnrikit,hymak,1
1031,mnrikit,eequ,1
1032,mnrikit,phxwan,1
1033,mnrikit,enason,3
1034,mnrikit,bcyuchen,1
1035,mnrikit,mnygong,2
1036,mnrikit,mnewong,1
1037,mnbilian,egeorge,1
1038,mnbilian,mnheli,1
1039,ieemqi,liuyh,1
1040,ieemqi,mnjtli,1
1041,ieemqi,tangbenz,2
1042,ieemqi,season,1
1043,ieemqi,mnheli,1
1044,ieemqi,cylee,2
1045,ieemqi,eepatrick,2
1046,ieemqi,chjacky,1
1047,ieemqi,hongl,1
1048,ieemqi,mabfchen,2
1049,phwang,chsyang,8
1050,phwang,mezhangt,8
1051,phwang,mnjtli,1
1052,phwang,phchan,21
1053,phwang,acwang,1
1054,phwang,chzlin,1
1055,phwang,jzhao,1
1056,phwang,jxia,2
1057,phwang,liuhb,3
1058,phwang,jiheng,2
1059,phwang,metzhao,2
1060,phwang,phkswong,2
1061,phwang,ceghchen,3
1062,phwang,gwang,6
1063,phwang,phlaw,1
1064,phwang,qianzh,2
1065,phwang,eexu,2
1066,phwang,lortz,8
1067,phwang,eequ,2
1068,phwang,phxwan,2
1069,phwang,qyang,1
1070,phwang,phkkfung,36
1071,phwang,imsmng,36
1072,phwang,eejames,1
1073,phwang,socai,8
1074,phwang,phwen,8
1075,phwang,sheng,38
1076,phwang,phzktang,33
1077,phwang,mektang,2
1078,phwang,eeyu,1
1079,phwang,boningli,1
1080,phwang,dusw,6
1081,phwang,phgkwong,3
1082,phwang,liuyh,3
1083,phwang,phyang,3
1084,phwang,rzhang,6
1085,phwang,maqian,1
1086,phwang,meymf,1
1087,phwang,sunjw,1
1088,phwang,yilong,7
1089,phwang,phtam,5
1090,phwang,dyyeung,6
1091,phwang,meleng,5
1092,phwang,tangbenz,2
1093,phwang,phloy,11
1094,ravindra,liuyh,1
1095,eeemma,liuyh,1
1096,ravindra,leichen,1
1097,eeemma,leichen,1
1098,ravindra,yyli,1
1099,eeemma,yyli,1
1100,ravindra,ieemily,9
1101,eeemma,ieemily,9
1102,ravindra,jzhao,13
1103,eeemma,jzhao,13
1104,ravindra,rhyso,10
1105,eeemma,rhyso,10
1106,barford,kepgao,2
1107,barford,kemckayg,18
1108,barford,keckchan,3
1109,barford,ceghchen,3
1110,barford,kehsing,1
1111,barford,chrenneb,22
1112,eequ,hunkim,1
1113,phxwan,hunkim,1
1114,eequ,mezli,1
1115,phxwan,mezli,1
1116,eequ,phchan,3
1117,phxwan,phchan,3
1118,eequ,acwang,1
1119,phxwan,acwang,1
1120,eequ,phzktang,4
1121,phxwan,phzktang,4
1122,eequ,eeyu,3
1123,eequ,boningli,3
1124,phxwan,eeyu,3
1125,phxwan,boningli,3
1126,eequ,chdai,6
1127,phxwan,chdai,6
1128,eequ,socai,9
1129,eequ,phwen,9
1130,phxwan,socai,9
1131,phxwan,phwen,9
1132,eequ,jxia,1
1133,phxwan,jxia,1
1134,eequ,kehsing,11
1135,phxwan,kehsing,11
1136,eequ,eepatrick,3
1137,phxwan,eepatrick,3
1138,eequ,meygao,2
1139,phxwan,meygao,2
1140,eequ,liuhb,2
1141,phxwan,liuhb,2
1142,eequ,wng,3
1143,phxwan,wng,3
1144,eequ,ni,1
1145,phxwan,ni,1
1146,eequ,phkswong,1
1147,phxwan,phkswong,1
1148,eequ,kekyeung,10
1149,phxwan,kekyeung,10
1150,eequ,eealbert,1
1151,phxwan,eealbert,1
1152,eequ,cding,3
1153,phxwan,cding,3
1154,eequ,eebert,1
1155,eequ,eejzhang,1
1156,phxwan,eebert,1
1157,phxwan,eejzhang,1
1158,eequ,mezhangt,2
1159,phxwan,mezhangt,2
1160,eequ,chsyang,4
1161,phxwan,chsyang,4
1162,eequ,bli,1
1163,phxwan,bli,1
1164,eequ,eekjchen,4
1165,phxwan,eekjchen,4
1166,eequ,qianzh,18
1167,eequ,eexu,18
1168,phxwan,qianzh,18
1169,phxwan,eexu,18
1170,eequ,qyang,2
1171,phxwan,qyang,2
1172,eequ,phkkfung,2
1173,eequ,imsmng,2
1174,phxwan,phkkfung,2
1175,phxwan,imsmng,2
1176,eequ,phgkwong,2
1177,phxwan,phgkwong,2
1178,eequ,kecmchan,2
1179,eequ,hmtsliu,2
1180,phxwan,kecmchan,2
1181,phxwan,hmtsliu,2
1182,eequ,eechigr,6
1183,phxwan,eechigr,6
1184,eequ,sheng,6
1185,phxwan,sheng,6
1186,eequ,eesin,1
1187,phxwan,eesin,1
1188,eequ,eesling,4
1189,phxwan,eesling,4
1190,eequ,mawang,19
1191,phxwan,mawang,19
1192,eequ,mebhuang,1
1193,phxwan,mebhuang,1
1194,eequ,enason,2
1195,phxwan,enason,2
1196,eequ,dusw,1
1197,phxwan,dusw,1
1198,eequ,chzlin,3
1199,phxwan,chzlin,3
1200,eequ,penger,1
1201,eequ,shiu,1
1202,phxwan,penger,1
1203,phxwan,shiu,1
1204,eequ,liuyh,6
1205,phxwan,liuyh,6
1206,eequ,rzhang,2
1207,phxwan,rzhang,2
1208,eequ,keymix,3
1209,phxwan,keymix,3
1210,eequ,chjiag,1
1211,phxwan,chjiag,1
1212,eequ,ckleung,2
1213,phxwan,ckleung,2
1214,eequ,maqian,4
1215,phxwan,maqian,4
1216,eequ,kikkert,3
1217,eequ,rtong,3
1218,phxwan,kikkert,3
1219,phxwan,rtong,3
1220,eequ,eekwok,5
1221,phxwan,eekwok,5
1222,eequ,chwill,1
1223,phxwan,chwill,1
1224,eequ,phtam,6
1225,phxwan,phtam,6
1226,eequ,meqpsun,3
1227,phxwan,meqpsun,3
1228,eequ,tangbenz,7
1229,phxwan,tangbenz,7
1230,eequ,eezfan,1
1231,phxwan,eezfan,1
1232,mkgalli,mkadaval,1
1233,mkgalli,jeevan,1
1234,rhyso,imqli,8
1235,rhyso,tseng,8
1236,rhyso,eebert,1
1237,rhyso,eejzhang,1
1238,rhyso,mkyzhao,2
1239,rhyso,season,1
1240,rhyso,horner,5
1241,wanj,mnjtli,5
1242,wanj,biolko,1
1243,wanj,meygao,2
1244,wanj,eesin,1
1245,wanj,boip,5
1246,wanj,sheng,2
1247,wanj,zwei,1
1248,wanj,eekwok,2
1249,wanj,mabfchen,5
1250,wanj,boamy,1
1251,wanj,maxiang,1
1252,wanj,eesling,2
1253,wanj,bcyuchen,8
1254,wanj,gwang,1
1255,eeyuan,liuyh,2
1256,eeyuan,leichen,2
1257,eeyuan,mchan,4
1258,eeyuan,csbb,1
1259,eeyuan,cding,12
1260,eeyuan,ceghchen,1
1261,eeyuan,majing,2
1262,eeyuan,mkjiewen,2
1263,eeyuan,huamin,1
1264,eeyuan,chsyang,1
1265,psander,yyli,1
1266,psander,mkyzhao,1
1267,psander,ceghchen,1
1268,psander,qianliu,6
1269,psander,luo,6
1270,biolko,boip,42
1271,biolko,bcyuchen,14
1272,biolko,mkyzhao,1
1273,biolko,eesling,5
1274,biolko,jxia,3
1275,biolko,boamy,16
1276,eepatrick,eesin,7
1277,eepatrick,yyli,2
1278,eepatrick,lingu,1
1279,eepatrick,eeawpoon,1
1280,eepatrick,leichen,5
1281,eepatrick,eemok,3
1282,eepatrick,mchan,2
1283,eepatrick,eeki,7
1284,eepatrick,eeluong,1
1285,eepatrick,meqiu,1
1286,eepatrick,meygao,1
1287,imqli,leichen,1
1288,tseng,leichen,1
1289,imqli,ni,1
1290,tseng,ni,1
1291,imqli,bcyuchen,8
1292,tseng,bcyuchen,8
1293,imqli,qianzh,4
1294,imqli,eexu,4
1295,tseng,qianzh,4
1296,tseng,eexu,4
1297,imqli,sosn,1
1298,tseng,sosn,1
1299,imqli,flin,1
1300,imqli,mejswu,1
1301,tseng,flin,1
1302,tseng,mejswu,1
1303,imqli,chsyang,1
1304,tseng,chsyang,1
1305,acty,acwang,1
1306,acty,dasgupta,2
1307,acty,ackw,2
1308,acty,rickylee,1
1309,acty,acchen,3
1310,cechang,cejcheng,2
1311,cechang,boip,1
1312,cechang,eeyu,2
1313,cechang,boningli,2
1314,cechang,mscheung,2
1315,cechang,rickylee,3
1316,cechang,cejkuang,1
1317,cechang,johnwei,1
1318,eealbert,mnjtli,5
1319,eealbert,phkswong,2
1320,eealbert,liuhb,2
1321,eealbert,eecheng,2
1322,eealbert,gchan,1
1323,eealbert,eelea,18
1324,ceghchen,kepgao,3
1325,ceghchen,eeyu,6
1326,ceghchen,boningli,6
1327,ceghchen,kemckayg,3
1328,ceghchen,phchan,3
1329,ceghchen,tangbenz,1
1330,ceghchen,eezfan,4
1331,ceghchen,mnjtli,1
1332,ceghchen,karhade,2
1333,ceghchen,eekhaled,2
1334,ceghchen,yike,1
1335,ceghchen,yswong,1
1336,ceghchen,mabfchen,1
1337,ceghchen,eekjchen,2
1338,ceghchen,eeshsong,1
1339,ceghchen,sowu,1
1340,ceghchen,qianzh,2
1341,ceghchen,eexu,2
1342,ceghchen,dekai,12
1343,ceghchen,mezhangt,9
1344,ceghchen,socai,1
1345,ceghchen,phwen,1
1346,ceghchen,mnheli,1
1347,ceghchen,medcclam,3
1348,ceghchen,mnlfarh,7
1349,ceghchen,hymak,7
1350,ceghchen,bohuangp,1
1351,ceghchen,phloy,4
1352,ceghchen,chzlin,1
1353,ceghchen,liuyh,14
1354,ceghchen,chxyli,1
1355,ceghchen,eesling,1
1356,ceghchen,bcyuchen,4
1357,ceghchen,magan,1
1358,ceghchen,meymf,2
1359,ceghchen,sunjw,2
1360,ceghchen,cechii,11
1361,chjacky,chsyang,1
1362,chjacky,ynhong,50
1363,chjacky,mnjtli,7
1364,chjacky,kepgao,4
1365,chjacky,liuhb,1
1366,chjacky,wng,2
1367,chjacky,bli,4
1368,chjacky,chrenneb,1
1369,chjacky,meymf,7
1370,chjacky,sunjw,7
1371,chjacky,eekwok,77
1372,chjacky,phkswong,31
1373,chjacky,tangbenz,33
1374,chjacky,gwang,1
1375,chjacky,chzlin,1
1376,chjacky,mnygong,3
1377,chjacky,mkyzhao,1
1378,chjacky,eeknlau,1
1379,chjacky,mejkkim,1
1380,chjacky,liuyh,26
1381,chjacky,chguo,1
1382,chjacky,eemwong,13
1383,chjacky,imzheng,13
1384,chjacky,chjiag,2
1385,chjacky,phgkwong,2
1386,chjacky,bcyuchen,4
1387,chjacky,pengq,2
1388,chjacky,chwill,44
1389,chjacky,cezhangl,1
1390,chjacky,bczgwu,1
1391,chjacky,meqpsun,4
1392,chjacky,kwtleung,4
1393,boxuying,leichen,1
1394,boxuying,yyli,6
1395,boxuying,boyung,1
1396,boxuying,eekwok,4
1397,boxuying,acgzhang,2
1398,boxuying,chdai,1
1399,boxuying,boqianpy,9
1400,boxuying,onon,6
1401,boxuying,bcrko,1
1402,meyhchao,yyli,7
1403,meyhchao,mezli,2
1404,meyhchao,meyklee,2
1405,meyhchao,kwtleung,9
1406,jthong,kytam,17
1407,mscheung,ybchan,6
1408,mscheung,zhangxq,4
1409,mscheung,jzhao,6
1410,mscheung,cechii,1
1411,mscheung,cezhangl,1
1412,mscheung,bczgwu,1
1413,mscheung,cejkuang,2
1414,mscheung,chzlin,12
1415,achung,maxiang,3
1416,achung,huamin,2
1417,achung,dyyeung,1
1418,meleng,kepgao,9
1419,meleng,acwang,1
1420,meleng,acgzhang,2
1421,meleng,meygao,1
1422,meleng,liuhb,1
1423,meleng,mezhangt,11
1424,meleng,boamy,1
1425,meleng,qianzh,6
1426,meleng,eexu,6
1427,meleng,socai,3
1428,meleng,phwen,3
1429,meleng,bokchow,4
1430,meleng,bohuangp,2
1431,meleng,eeknlau,1
1432,meleng,mejkkim,1
1433,meleng,penger,1
1434,meleng,shiu,1
1435,meleng,liuyh,1
1436,hmcheung,maxiang,1
1437,bcwkrw,maxiang,1
1438,hmcheung,eewhmow,1
1439,bcwkrw,eewhmow,1
1440,hmcheung,chwill,1
1441,bcwkrw,chwill,1
1442,hmcheung,gchan,7
1443,bcwkrw,gchan,7
1444,hmcheung,chzlin,1
1445,bcwkrw,chzlin,1
1446,ynhong,kepgao,1
1447,ynhong,mnjtli,2
1448,ynhong,tangbenz,70
1449,ynhong,eekwok,6
1450,ynhong,phkswong,8
1451,ynhong,mchao,14
1452,ynhong,socai,3
1453,ynhong,phwen,3
1454,ynhong,mnlfarh,1
1455,ynhong,hymak,1
1456,ynhong,phnlin,4
1457,ynhong,chrenneb,1
1458,ynhong,liuyh,6
1459,ynhong,chguo,1
1460,ynhong,rzhang,1
1461,ynhong,chjiag,1
1462,ynhong,bcyuchen,1
1463,ynhong,pengq,1
1464,ynhong,chwill,8
1465,ynhong,cezhangl,1
1466,ynhong,bczgwu,1
1467,ynhong,kwtleung,6
1468,helens,meymf,1
1469,helens,sunjw,1
1470,lingu,liuyh,3
1471,eeawpoon,liuyh,3
1472,lingu,yyli,9
1473,eeawpoon,yyli,9
1474,lingu,eechigr,4
1475,eeawpoon,eechigr,4
1476,lingu,eekwok,1
1477,eeawpoon,eekwok,1
1478,lingu,meygao,1
1479,eeawpoon,meygao,1
1480,lingu,dusw,1
1481,eeawpoon,dusw,1
1482,eesin,mnjtli,1
1483,eesin,eemok,20
1484,eesin,phzktang,8
1485,eesin,kehsing,11
1486,eesin,liuhb,15
1487,eesin,eekwok,3
1488,eesin,mchan,8
1489,eesin,bli,4
1490,eesin,eekjchen,3
1491,eesin,qianzh,3
1492,eesin,eexu,3
1493,eesin,meygao,2
1494,eesin,mnheli,1
1495,eesin,rickylee,1
1496,eesin,eesling,2
1497,eesin,eemwong,8
1498,eesin,imzheng,8
1499,eesin,eeki,10
1500,karhade,eeshsong,6
1501,karhade,sowu,6
1502,eekhaled,eeshsong,6
1503,eekhaled,sowu,6
1504,karhade,eermurch,30
1505,eekhaled,eermurch,30
1506,karhade,yyli,2
1507,eekhaled,yyli,2
1508,karhade,zwei,1
1509,eekhaled,zwei,1
1510,karhade,eecheng,2
1511,eekhaled,eecheng,2
1512,karhade,mnygong,10
1513,eekhaled,mnygong,10
1514,karhade,dekai,2
1515,eekhaled,dekai,2
1516,karhade,mnheli,1
1517,eekhaled,mnheli,1
1518,karhade,ieemily,1
1519,eekhaled,ieemily,1
1520,karhade,liuyh,1
1521,eekhaled,liuyh,1
1522,karhade,chguo,3
1523,eekhaled,chguo,3
1524,karhade,bcyuchen,2
1525,eekhaled,bcyuchen,2
1526,karhade,eemckay,1
1527,eekhaled,eemckay,1
1528,aczang,acahuang,3
1529,jamesk,yyli,1
1530,jamesk,bcyuchen,3
1531,jamesk,jzhao,1
1532,jamesk,bmak,2
1533,jamesk,dyyeung,16
1534,jamesk,qyang,8
1535,kytam,tclark,3
1536,kytam,eeau,3
1537,kytam,zhang,2
1538,kytam,immkpso,1
1539,cetung,mnjtli,1
1540,mazhu,maqmshao,1
1541,maling,maqmshao,1
1542,mazhu,cding,6
1543,maling,cding,6
1544,mnheli,chsyang,7
1545,mnheli,leichen,2
1546,mnheli,mnjtli,6
1547,mnheli,phgkwong,14
1548,mnheli,eeyu,2
1549,mnheli,boningli,2
1550,mnheli,boqianpy,19
1551,mnheli,mezli,11
1552,mnheli,phbaf,1
1553,mnheli,ni,1
1554,mnheli,boip,1
1555,mnheli,boyung,1
1556,mnheli,phkswong,21
1557,mnheli,qirz,1
1558,mnheli,mchan,18
1559,mnheli,cding,1
1560,mnheli,bli,1
1561,mnheli,eekjchen,2
1562,mnheli,qianzh,2
1563,mnheli,eexu,2
1564,mnheli,qyang,6
1565,mnheli,bohuangp,3
1566,mnheli,socai,1
1567,mnheli,phwen,1
1568,mnheli,eewhmow,1
1569,mnheli,cezhangl,4
1570,mnheli,bczgwu,4
1571,mnheli,maxiang,3
1572,mnheli,season,1
1573,mnheli,mnewong,3
1574,mnheli,soejctu,3
1575,mnheli,phkywong,3
1576,mnheli,mnlfarh,5
1577,mnheli,hymak,5
1578,mnheli,mektang,3
1579,mnheli,eemwong,4
1580,mnheli,imzheng,4
1581,mnheli,panhui,1
1582,mnheli,chrenneb,1
1583,mnheli,chzlin,3
1584,mnheli,maqmshao,1
1585,mnheli,cylee,1
1586,mnheli,fnfntlui,1
1587,mnheli,phyang,3
1588,mnheli,onon,3
1589,mnheli,huamin,2
1590,mnheli,phzktang,3
1591,mnheli,bcrko,4
1592,jzhao,chsyang,3
1593,jzhao,leichen,1
1594,jzhao,phchan,1
1595,jzhao,ybchan,1
1596,jzhao,meyklee,1
1597,jzhao,ni,2
1598,jzhao,phkswong,2
1599,jzhao,flin,1
1600,jzhao,mejswu,1
1601,jzhao,eekjchen,1
1602,jzhao,qianzh,7
1603,jzhao,eexu,7
1604,jzhao,qyang,9
1605,jzhao,dekai,3
1606,jzhao,xhzheng,3
1607,jzhao,hyan,3
1608,jzhao,liuyh,10
1609,jzhao,gwang,1
1610,jzhao,qianliu,5
1611,jzhao,luo,5
1612,phnlin,chsyang,5
1613,phnlin,rzhang,4
1614,phnlin,keymix,2
1615,phnlin,cecmchan,1
1616,phnlin,acwang,12
1617,phnlin,soalvin,1
1618,phnlin,yyli,3
1619,phnlin,tangbenz,5
1620,phnlin,dusw,1
1621,maqian,liuyh,1
1622,maqian,eechigr,2
1623,maqian,sheng,33
1624,maqian,phchan,1
1625,maqian,mawang,17
1626,maqian,eekwok,4
1627,maqian,qianzh,1
1628,maqian,eexu,1
1629,maqian,lortz,1
1630,maqian,phzktang,1
1631,magan,chsyang,1
1632,magan,cejcheng,5
1633,magan,dasgupta,4
1634,magan,mektang,2
1635,magan,wng,1
1636,magan,majfung,1
1637,magan,liuhb,2
1638,chwill,chsyang,1
1639,chwill,kepgao,1
1640,chwill,mnjtli,2
1641,chwill,leichen,2
1642,chwill,chdai,6
1643,chwill,boip,3
1644,chwill,yyli,1
1645,chwill,eekwok,16
1646,chwill,phkswong,13
1647,chwill,mabfchen,3
1648,chwill,chxyli,5
1649,chwill,mahuang,1
1650,chwill,gzhu,1
1651,chwill,chleung,80
1652,chwill,tangbenz,52
1653,chwill,mnygong,1
1654,chwill,qianzh,3
1655,chwill,eexu,3
1656,chwill,keckchan,1
1657,chwill,kehenry,1
1658,chwill,chzlin,28
1659,chwill,liuyh,1
1660,chwill,chjiag,52
1661,chwill,phgkwong,4
1662,chwill,bccliang,3
1663,chwill,pengq,1
1664,chwill,meymf,4
1665,chwill,sunjw,4
1666,phtam,eesling,1
1667,phtam,yyli,4
1668,phtam,mnjtli,3
1669,phtam,sheng,30
1670,phtam,phchan,16
1671,phtam,eekwok,1
1672,phtam,phloy,4
1673,phtam,eekjchen,1
1674,phtam,chzlin,1
1675,phtam,socai,16
1676,phtam,phwen,16
1677,phtam,phgkwong,4
1678,acgzhang,chsyang,3
1679,acgzhang,boqianpy,10
1680,acgzhang,cylee,1
1681,acgzhang,phkswong,1
1682,acgzhang,kekyeung,2
1683,acgzhang,mchan,5
1684,acgzhang,meymf,4
1685,acgzhang,sunjw,4
1686,acgzhang,lortz,2
1687,acgzhang,qyang,1
1688,acgzhang,acpchen,7
1689,acgzhang,rickylee,4
1690,acgzhang,phgkwong,1
1691,acgzhang,ackw,3
1692,acgzhang,tangbenz,1
1693,acgzhang,onon,2
1694,eermurch,mnjtli,3
1695,eermurch,eewhmow,12
1696,eermurch,eecheng,26
1697,eermurch,meymf,3
1698,eermurch,sunjw,3
1699,eermurch,eemckay,2
1700,eermurch,eeshsong,5
1701,eermurch,sowu,5
1702,eermurch,eelea,2
1703,bli,chsyang,5
1704,bli,leichen,3
1705,bli,soyimin,1
1706,bli,ni,1
1707,bli,phchan,4
1708,bli,alau,1
1709,bli,jqljzl,1
1710,bli,kekyeung,2
1711,bli,mchan,6
1712,bli,eekjchen,9
1713,bli,qianzh,32
1714,bli,eexu,32
1715,bli,qyang,5
1716,bli,eelea,1
1717,bli,eewhmow,1
1718,bli,soejctu,9
1719,bli,phkywong,9
1720,bli,mkyzhao,1
1721,bli,eeknlau,3
1722,bli,mejkkim,3
1723,bli,liuyh,1
1724,bli,eemwong,3
1725,bli,imzheng,3
1726,bli,bcyuchen,2
1727,bli,tangbenz,5
1728,bli,mnygong,2
1729,bli,fnfntlui,1
1730,egeorge,prithvi,15
1731,egeorge,sshum,15
1732,eechigr,liuyh,1
1733,eechigr,mnjtli,1
1734,eechigr,sheng,2
1735,eechigr,bcyuchen,1
1736,eechigr,eekwok,261
1737,eechigr,cylee,3
1738,eechigr,tangbenz,1
1739,eechigr,dekai,1
1740,soejctu,eemwong,16
1741,soejctu,imzheng,16
1742,phkywong,eemwong,16
1743,phkywong,imzheng,16
1744,rzhang,mnjtli,1
1745,rzhang,leichen,4
1746,rzhang,season,5
1747,rzhang,tangbenz,1
1748,rzhang,phaltman,1
1749,rzhang,hongl,2
1750,keymix,kecmchan,8
1751,keymix,hmtsliu,8
1752,keymix,kepgao,1
1753,keymix,mnjtli,2
1754,keymix,mawang,2
1755,keymix,eeyu,3
1756,keymix,boningli,3
1757,keymix,bohuangp,1
1758,keymix,tangbenz,1
1759,keymix,liuyh,1
1760,keymix,kehsing,1
1761,chjiag,mnjtli,5
1762,chjiag,phgkwong,2
1763,chjiag,tangbenz,2
1764,chjiag,phkswong,1
1765,chjiag,qyang,1
1766,chjiag,chzlin,38
1767,rycpoon,meygao,1
1768,rycpoon,bcyuchen,5
1769,rycpoon,botin,1
1770,rycpoon,kehenry,1
1771,rycpoon,eelyobas,1
1772,rycpoon,chjianyu,1
1773,bckchung,yyli,3
1774,bckchung,boamy,1
1775,bckchung,bcyuchen,2
1776,eeki,liuyh,8
1777,eeki,eewhmow,7
1778,eeki,mchan,19
1779,eeki,eemok,25
1780,eeki,meymf,2
1781,eeki,sunjw,2
1782,eeki,rickylee,1
1783,eeki,eeluong,8
1784,eeki,meqiu,8
1785,cylee,eemwong,2
1786,cylee,imzheng,2
1787,cylee,chguo,1
1788,cylee,eekwok,21
1789,cylee,mabfchen,1
1790,cylee,kekyeung,6
1791,cylee,keckchan,3
1792,cylee,hongl,1
1793,cylee,dekai,1
1794,eemckay,liuyh,3
1795,eemckay,bcyuchen,6
1796,eemckay,kehsing,2
1797,dyyeung,lzhang,3
1798,dyyeung,quan,3
1799,dyyeung,gwang,7
1800,dyyeung,jxia,1
1801,dyyeung,qyang,2
1802,kemckayg,kepgao,2
1803,kemckayg,keckchan,2
1804,kemckayg,mabfchen,2
1805,kemckayg,kekyeung,23
1806,eeyu,mezhangt,1
1807,boningli,mezhangt,1
1808,eeyu,mnjtli,3
1809,boningli,mnjtli,3
1810,eeyu,yyli,3
1811,boningli,yyli,3
1812,eeyu,qirz,2
1813,boningli,qirz,2
1814,eeyu,cding,3
1815,boningli,cding,3
1816,eeyu,mamywong,1
1817,boningli,mamywong,1
1818,eeyu,bohuangp,2
1819,boningli,bohuangp,2
1820,eeyu,ceyhwang,1
1821,boningli,ceyhwang,1
1822,eeyu,penger,1
1823,eeyu,shiu,1
1824,boningli,penger,1
1825,boningli,shiu,1
1826,eeyu,tangbenz,1
1827,boningli,tangbenz,1
1828,eeyu,sojk,2
1829,boningli,sojk,2
1830,eeyu,bcrko,1
1831,boningli,bcrko,1
1832,mamyan,mabfchen,4
1833,mamyan,tangbenz,1
1834,mamyan,mnjtli,1
1835,kehsing,chsyang,1
1836,kehsing,mnjtli,2
1837,kehsing,phzktang,3
1838,kehsing,meyklee,1
1839,kehsing,boip,5
1840,kehsing,mchan,2
1841,kehsing,kecmchan,1
1842,kehsing,hmtsliu,1
1843,kehsing,socai,3
1844,kehsing,phwen,3
1845,kehsing,bokchow,2
1846,kehsing,mkyzhao,1
1847,kehsing,bohuangp,1
1848,kehsing,bcyuchen,2
1849,kehsing,cechii,1
1850,sosn,sobaark,17
1851,boip,mnjtli,2
1852,boip,jxia,6
1853,boip,yyli,6
1854,boip,boyung,30
1855,boip,mchan,1
1856,boip,boamy,45
1857,boip,qianzh,3
1858,boip,eexu,3
1859,boip,liuyh,1
1860,boip,meygao,1
1861,boip,mkyzhao,1
1862,boip,eesling,28
1863,boip,bcyuchen,42
1864,kecmchan,kepgao,1
1865,hmtsliu,kepgao,1
1866,kecmchan,mnjtli,2
1867,hmtsliu,mnjtli,2
1868,kecmchan,ceneilm,8
1869,hmtsliu,ceneilm,8
1870,kecmchan,eeknlau,2
1871,kecmchan,mejkkim,2
1872,hmtsliu,eeknlau,2
1873,hmtsliu,mejkkim,2
1874,kecmchan,barnie,8
1875,hmtsliu,barnie,8
1876,kecmchan,soyimin,13
1877,hmtsliu,soyimin,13
1878,kecmchan,almiller,9
1879,hmtsliu,almiller,9
1880,kecmchan,timkttse,2
1881,hmtsliu,timkttse,2
1882,kecmchan,yyli,6
1883,hmtsliu,yyli,6
1884,kecmchan,kekyeung,4
1885,hmtsliu,kekyeung,4
1886,kecmchan,meymf,1
1887,kecmchan,sunjw,1
1888,hmtsliu,meymf,1
1889,hmtsliu,sunjw,1
1890,kecmchan,bokchow,15
1891,hmtsliu,bokchow,15
1892,kecmchan,cecmchan,96
1893,hmtsliu,cecmchan,96
1894,kecmchan,eemwong,2
1895,kecmchan,imzheng,2
1896,hmtsliu,eemwong,2
1897,hmtsliu,imzheng,2
1898,kecmchan,keckchan,4
1899,hmtsliu,keckchan,4
1900,kecmchan,chrenneb,2
1901,hmtsliu,chrenneb,2
1902,kecmchan,eesling,1
1903,hmtsliu,eesling,1
1904,kecmchan,machas,2
1905,hmtsliu,machas,2
1906,kecmchan,ckleung,1
1907,hmtsliu,ckleung,1
1908,kecmchan,cezhangl,2
1909,kecmchan,bczgwu,2
1910,hmtsliu,cezhangl,2
1911,hmtsliu,bczgwu,2
1912,maxiang,mezhangt,1
1913,maxiang,tangbenz,2
1914,season,liuyh,1
1915,season,yyli,10
1916,season,mnjtli,5
1917,season,ieemily,1
1918,season,mkyzhao,2
1919,season,hongl,1
1920,season,liuhb,1
1921,zhangxq,yyli,9
1922,zhangxq,dekai,2
1923,quan,sheng,1
1924,quan,liuyh,1
1925,quan,ceyhwang,1
1926,rickylee,eemok,1
1927,rickylee,liuhb,1
1928,rickylee,yyli,1
1929,rickylee,qianzh,2
1930,rickylee,eexu,2
1931,rickylee,medcclam,1
1932,rickylee,penger,10
1933,rickylee,shiu,10
1934,rickylee,mektang,2
1935,rickylee,eeluong,2
1936,rickylee,meqiu,2
1937,rickylee,eeknlau,8
1938,rickylee,mejkkim,8
1939,rickylee,meymf,15
1940,rickylee,sunjw,15
1941,acstice,acpchen,2
1942,eeknlau,mezhangt,3
1943,mejkkim,mezhangt,3
1944,eeknlau,mezli,10
1945,mejkkim,mezli,10
1946,eeknlau,acwang,2
1947,mejkkim,acwang,2
1948,eeknlau,meyklee,1
1949,mejkkim,meyklee,1
1950,eeknlau,mnjtli,25
1951,mejkkim,mnjtli,25
1952,eeknlau,yyli,1
1953,mejkkim,yyli,1
1954,eeknlau,mchan,1
1955,mejkkim,mchan,1
1956,eeknlau,meymf,15
1957,eeknlau,sunjw,15
1958,mejkkim,meymf,15
1959,mejkkim,sunjw,15
1960,eeknlau,penger,9
1961,eeknlau,shiu,9
1962,mejkkim,penger,9
1963,mejkkim,shiu,9
1964,eeknlau,tangbenz,28
1965,mejkkim,tangbenz,28
1966,eeknlau,medcclam,1
1967,mejkkim,medcclam,1
1968,eeknlau,liuyh,3
1969,mejkkim,liuyh,3
1970,eeknlau,chleung,1
1971,mejkkim,chleung,1
1972,eeknlau,ckleung,27
1973,mejkkim,ckleung,27
1974,eeknlau,bcyuchen,1
1975,mejkkim,bcyuchen,1
1976,eeknlau,meqpsun,4
1977,mejkkim,meqpsun,4
1978,chhkwu,liuyh,18
1979,pascale,liuyh,18
1980,chhkwu,yyli,8
1981,pascale,yyli,8
1982,chhkwu,mabfchen,4
1983,pascale,mabfchen,4
1984,chhkwu,eebert,4
1985,chhkwu,eejzhang,4
1986,pascale,eebert,4
1987,pascale,eejzhang,4
1988,chhkwu,dekai,11
1989,pascale,dekai,11
1990,eesling,chdai,3
1991,eesling,yyli,3
1992,eesling,eekwok,17
1993,eesling,qirz,1
1994,eesling,boamy,26
1995,eesling,qyang,1
1996,eesling,sheng,1
1997,eesling,liuyh,2
1998,eesling,bcyuchen,8
1999,bcrko,yyli,1
2000,bcrko,bcyuchen,1
2001,bcrko,kachan,1
2002,bcrko,chrenneb,1
2003,bcrko,boqianpy,1
2004,mezli,leichen,4
2005,mezli,jiheng,1
2006,mezli,metzhao,1
2007,mezli,acwang,2
2008,mezli,meyklee,1
2009,mezli,socai,1
2010,mezli,phwen,1
2011,mezli,meymf,1
2012,mezli,sunjw,1
2013,mezli,meygao,1
2014,mezli,mebhuang,1
2015,amukherjee,mkmukhop,11
2016,amukherjee,chxyli,1
2017,amukherjee,dchoi,4
2018,meyklee,chsyang,1
2019,meyklee,leichen,4
2020,meyklee,eezfan,1
2021,meyklee,liuhb,1
2022,meyklee,acwang,1
2023,meyklee,mezhangt,5
2024,meyklee,socai,5
2025,meyklee,phwen,5
2026,meyklee,botin,1
2027,meyklee,eemwong,9
2028,meyklee,imzheng,9
2029,meyklee,meymf,1
2030,meyklee,sunjw,1
2031,meyklee,gibson,1
2032,boqianpy,leichen,3
2033,boqianpy,mnjtli,1
2034,boqianpy,chdai,1
2035,boqianpy,meygao,1
2036,boqianpy,liuhb,1
2037,boqianpy,yyli,8
2038,boqianpy,boyung,21
2039,boqianpy,mezhangt,1
2040,boqianpy,onon,55
2041,soyimin,leichen,1
2042,soyimin,dasgupta,1
2043,soyimin,socholz,2
2044,soyimin,sojk,1
2045,hochan,phkswong,3
2046,hochan,phchan,5
2047,lambros,ceneilm,4
2048,phlaw,mezhangt,2
2049,phlaw,socai,1
2050,phlaw,phwen,1
2051,phlaw,phchan,1
2052,phlaw,phgkwong,1
2053,phlaw,lortz,2
2054,phlaw,phtai,5
2055,phlaw,yilong,1
2056,phlaw,gwang,2
2057,phlaw,liuhb,2
2058,socai,chsyang,4
2059,phwen,chsyang,4
2060,socai,kepgao,1
2061,phwen,kepgao,1
2062,socai,mnjtli,9
2063,phwen,mnjtli,9
2064,socai,phchan,17
2065,phwen,phchan,17
2066,socai,leichen,2
2067,phwen,leichen,2
2068,socai,jxia,1
2069,phwen,jxia,1
2070,socai,yyli,1
2071,phwen,yyli,1
2072,socai,zwei,6
2073,phwen,zwei,6
2074,socai,acwang,3
2075,phwen,acwang,3
2076,socai,mezhangt,1
2077,phwen,mezhangt,1
2078,socai,phyang,4
2079,phwen,phyang,4
2080,socai,bodkb,2
2081,phwen,bodkb,2
2082,socai,meygao,2
2083,phwen,meygao,2
2084,socai,sheng,101
2085,phwen,sheng,101
2086,socai,phloy,4
2087,phwen,phloy,4
2088,socai,botin,1
2089,phwen,botin,1
2090,socai,chzlin,1
2091,phwen,chzlin,1
2092,socai,liuyh,1
2093,phwen,liuyh,1
2094,socai,phgkwong,9
2095,phwen,phgkwong,9
2096,socai,bcyuchen,1
2097,phwen,bcyuchen,1
2098,socai,gwang,1
2099,phwen,gwang,1
2100,socai,gchan,1
2101,phwen,gchan,1
2102,meygao,chsyang,1
2103,meygao,kepgao,1
2104,meygao,eemok,2
2105,meygao,mawang,1
2106,meygao,kachan,1
2107,meygao,ni,1
2108,meygao,yyli,4
2109,meygao,phyang,1
2110,meygao,cding,1
2111,meygao,qianzh,3
2112,meygao,eexu,3
2113,meygao,qyang,1
2114,meygao,mezhangt,1
2115,meygao,mefrank,2
2116,meygao,huamin,2
2117,meygao,ceyhwang,9
2118,meygao,chrenneb,2
2119,meygao,chguo,1
2120,meygao,eemwong,2
2121,meygao,imzheng,2
2122,meygao,ckleung,2
2123,meygao,tangbenz,5
2124,meygao,gchan,2
2125,meygao,eezfan,1
2126,kehenry,prithvi,3
2127,kehenry,sshum,3
2128,kehenry,keckchan,4
2129,muppala,liuyh,7
2130,muppala,gibson,1
2131,eelyobas,liuyh,4
2132,chjianyu,liuyh,4
2133,eelyobas,eemwong,3
2134,eelyobas,imzheng,3
2135,chjianyu,eemwong,3
2136,chjianyu,imzheng,3
2137,eelyobas,mnjtli,6
2138,chjianyu,mnjtli,6
2139,eelyobas,bcyuchen,13
2140,chjianyu,bcyuchen,13
2141,eelyobas,bohuangp,1
2142,chjianyu,bohuangp,1
2143,eelyobas,eekjchen,2
2144,chjianyu,eekjchen,2
2145,eezeng,phkkfung,1
2146,eezeng,imsmng,1
2147,eezeng,chzlin,1
2148,leichen,chsyang,8
2149,leichen,mezhangt,1
2150,leichen,mnjtli,2
2151,leichen,eeshsong,17
2152,leichen,sowu,17
2153,leichen,liuhb,2
2154,leichen,ni,10
2155,leichen,yyli,1
2156,leichen,boyung,1
2157,leichen,yike,4
2158,leichen,botin,1
2159,leichen,mchan,3
2160,leichen,eekwok,3
2161,leichen,eejames,2
2162,leichen,qianzh,3
2163,leichen,eexu,3
2164,leichen,tangbenz,6
2165,leichen,dekai,3
2166,leichen,sheng,2
2167,leichen,mkyzhao,3
2168,leichen,bodkb,4
2169,leichen,phzktang,1
2170,leichen,huamin,1
2171,leichen,mektang,5
2172,leichen,panhui,2
2173,leichen,dusw,1
2174,leichen,liuyh,18
2175,leichen,yswong,2
2176,leichen,ckleung,4
2177,leichen,majfung,1
2178,leichen,gwang,13
2179,leichen,cezhangl,1
2180,leichen,bczgwu,1
2181,leichen,qianliu,1
2182,leichen,luo,1
2183,leichen,phloy,1
2184,panhui,yyli,11
2185,panhui,acwang,1
2186,panhui,bcyuchen,6
2187,panhui,cding,1
2188,panhui,mnjtli,1
2189,panhui,liuhb,3
2190,panhui,dekai,1
2191,thomashu,mnjtli,1
2192,maykwok,mnjtli,1
2193,thomashu,machas,1
2194,maykwok,machas,1
2195,thomashu,majfung,1
2196,maykwok,majfung,1
2197,thomashu,achy,1
2198,thomashu,imwan,1
2199,maykwok,achy,1
2200,maykwok,imwan,1
2201,jiheng,kepgao,1
2202,metzhao,kepgao,1
2203,jiheng,yyli,4
2204,metzhao,yyli,4
2205,jiheng,zwei,4
2206,metzhao,zwei,4
2207,jiheng,mefrank,1
2208,metzhao,mefrank,1
2209,jiheng,chguo,9
2210,metzhao,chguo,9
2211,jiheng,phzktang,1
2212,metzhao,phzktang,1
2213,jiheng,eelea,2
2214,metzhao,eelea,2
2215,eekwok,chsyang,2
2216,eekwok,kepgao,1
2217,eekwok,mnjtli,24
2218,eekwok,eezfan,1
2219,eekwok,liuhb,1
2220,eekwok,yyli,7
2221,eekwok,zwei,1
2222,eekwok,phkswong,11
2223,eekwok,mabfchen,3
2224,eekwok,eekjchen,1
2225,eekwok,mnygong,1
2226,eekwok,sheng,18
2227,eekwok,chzlin,4
2228,eekwok,liuyh,9
2229,eekwok,eemwong,195
2230,eekwok,imzheng,195
2231,eekwok,tangbenz,118
2232,alau,phtai,1
2233,jqljzl,phtai,1
2234,alau,camcam,36
2235,jqljzl,camcam,36
2236,alau,flin,2
2237,alau,mejswu,2
2238,jqljzl,flin,2
2239,jqljzl,mejswu,2
2240,alau,eezfan,1
2241,jqljzl,eezfan,1
2242,mkjaisen,mkmukhop,7
2243,kekyeung,mezhangt,5
2244,kekyeung,mnjtli,1
2245,kekyeung,liuhb,34
2246,kekyeung,yyli,6
2247,kekyeung,qianzh,1
2248,kekyeung,eexu,1
2249,kekyeung,keckchan,4
2250,kekyeung,lixin,1
2251,kekyeung,boyung,2
2252,kekyeung,liuyh,4
2253,cding,liuyh,2
2254,cding,tonyfchan,2
2255,cding,elai,2
2256,cding,cechii,9
2257,chxyli,chsyang,3
2258,chxyli,chguo,1
2259,chxyli,yyli,3
2260,chxyli,yilong,1
2261,chxyli,phkswong,4
2262,chxyli,qianliu,3
2263,chxyli,luo,3
2264,chxyli,chrenneb,1
2265,chxyli,liuhb,1
2266,chleung,liuyh,1
2267,chleung,yyli,1
2268,chleung,ckleung,1
2269,chleung,tangbenz,2
2270,chleung,chdai,2
2271,chleung,qianzh,1
2272,chleung,eexu,1
2273,chleung,mahuang,1
2274,chleung,gzhu,1
2275,chleung,chzlin,2
2276,mkyzhao,chsyang,9
2277,mkyzhao,mkhel,3
2278,mkyzhao,jxia,1
2279,mkyzhao,eezfan,1
2280,mkyzhao,ni,5
2281,mkyzhao,zwei,3
2282,mkyzhao,phkswong,1
2283,mkyzhao,eebert,2
2284,mkyzhao,eejzhang,2
2285,mkyzhao,flin,1
2286,mkyzhao,mejswu,1
2287,mkyzhao,qianzh,1
2288,mkyzhao,eexu,1
2289,mkyzhao,qianliu,2
2290,mkyzhao,luo,2
2291,mkyzhao,lzhang,4
2292,mkyzhao,bohuangp,1
2293,mkyzhao,liuyh,4
2294,mkyzhao,bcyuchen,4
2295,mkyzhao,tangbenz,2
2296,mkyzhao,yilong,1
2297,mkyzhao,sojk,1
2298,mkyzhao,meqpsun,2
2299,medcclam,meymf,9
2300,medcclam,sunjw,9
2301,medcclam,joneja,6
2302,medcclam,meqpsun,1
2303,medcclam,gibson,1
2304,medcclam,penger,23
2305,medcclam,shiu,23
2306,bohuangp,mezhangt,1
2307,bohuangp,qyang,1
2308,bohuangp,qirz,1
2309,bohuangp,jxia,2
2310,bohuangp,phloy,1
2311,bohuangp,yilong,2
2312,bohuangp,liuyh,1
2313,yilong,eemwong,1
2314,yilong,imzheng,1
2315,yilong,sheng,1
2316,yilong,bcyuchen,2
2317,yilong,mchan,1
2318,yilong,jxia,2
2319,yilong,lortz,1
2320,yilong,phkkfung,1
2321,yilong,imsmng,1
2322,yilong,penger,2
2323,yilong,shiu,2
2324,penger,chsyang,1
2325,shiu,chsyang,1
2326,penger,mezhangt,26
2327,shiu,mezhangt,26
2328,penger,sheng,5
2329,shiu,sheng,5
2330,penger,ckleung,4
2331,shiu,ckleung,4
2332,penger,meymf,6
2333,penger,sunjw,6
2334,shiu,meymf,6
2335,shiu,sunjw,6
2336,penger,mawang,1
2337,shiu,mawang,1
2338,penger,mahuang,11
2339,penger,gzhu,11
2340,shiu,mahuang,11
2341,shiu,gzhu,11
2342,penger,bcyuchen,1
2343,shiu,bcyuchen,1
2344,penger,phtai,3
2345,shiu,phtai,3
2346,penger,keckchan,1
2347,shiu,keckchan,1
2348,penger,meqpsun,5
2349,shiu,meqpsun,5
2350,eemwong,mezhangt,3
2351,imzheng,mezhangt,3
2352,eemwong,mnjtli,9
2353,imzheng,mnjtli,9
2354,eemwong,eezfan,1
2355,imzheng,eezfan,1
2356,eemwong,eeshsong,2
2357,eemwong,sowu,2
2358,imzheng,eeshsong,2
2359,imzheng,sowu,2
2360,eemwong,yyli,4
2361,imzheng,yyli,4
2362,eemwong,zwei,1
2363,imzheng,zwei,1
2364,eemwong,eekjchen,1
2365,imzheng,eekjchen,1
2366,eemwong,tangbenz,25
2367,imzheng,tangbenz,25
2368,eemwong,meqpsun,1
2369,imzheng,meqpsun,1
2370,bcyuchen,chsyang,7
2371,bcyuchen,phzktang,2
2372,bcyuchen,jxia,3
2373,bcyuchen,ni,2
2374,bcyuchen,yike,1
2375,bcyuchen,tonyfchan,1
2376,bcyuchen,elai,1
2377,bcyuchen,mchan,8
2378,bcyuchen,eekjchen,1
2379,bcyuchen,qyang,9
2380,bcyuchen,boamy,29
2381,bcyuchen,cezhangl,1
2382,bcyuchen,bczgwu,1
2383,bcyuchen,chguo,2
2384,bcyuchen,dasgupta,1
2385,bcyuchen,qianzh,26
2386,bcyuchen,eexu,26
2387,bcyuchen,chrenneb,1
2388,bcyuchen,maqmshao,1
2389,bcyuchen,lzhang,1
2390,bcyuchen,chdai,4
2391,bcyuchen,ckleung,1
2392,bcyuchen,bccliang,2
2393,bcyuchen,tangbenz,8
2394,bcyuchen,cechii,1
2395,bcyuchen,gchan,1
2396,bcyuchen,phkswong,1
2397,bcyuchen,flin,6
2398,bcyuchen,mejswu,6
2399,scklau,jxia,3
2400,arya,jxia,3
2401,gibson,bmak,1
2402,kepgao,tangbenz,4
2403,kepgao,zwei,2
2404,kepgao,phkswong,1
2405,kepgao,keckchan,13
2406,kepgao,meymf,2
2407,kepgao,sunjw,2
2408,phchan,chsyang,1
2409,phchan,mnjtli,11
2410,phchan,phzktang,29
2411,phchan,liuhb,6
2412,phchan,yyli,1
2413,phchan,zwei,6
2414,phchan,phkswong,8
2415,phchan,gwang,1
2416,phchan,qianzh,1
2417,phchan,eexu,1
2418,phchan,lortz,1
2419,phchan,dekai,1
2420,phchan,mezhangt,1
2421,phchan,sheng,71
2422,phchan,phloy,2
2423,phchan,phaltman,5
2424,phchan,chzlin,13
2425,phchan,phyang,4
2426,phchan,phgkwong,2
2427,eemok,mchan,22
2428,achsieh,ackw,4
2429,phbaf,phgkwong,1
2430,phbaf,phkswong,1
2431,phbaf,phzktang,1
2432,phbaf,phyang,1
2433,phbaf,dusw,1
2434,phyang,chsyang,1
2435,phyang,yyli,1
2436,phyang,phkswong,13
2437,phyang,sheng,26
2438,phyang,phloy,1
2439,phyang,phgkwong,19
2440,phyang,sytsang,1
2441,flin,eeluong,1
2442,flin,meqiu,1
2443,mejswu,eeluong,1
2444,mejswu,meqiu,1
2445,flin,lortz,1
2446,mejswu,lortz,1
2447,mnygong,lzhang,1
2448,mnygong,mezhangt,1
2449,mnygong,mnewong,1
2450,mnygong,tangbenz,3
2451,mnygong,prithvi,1
2452,mnygong,sshum,1
2453,mnygong,mnlfarh,5
2454,mnygong,hymak,5
2455,qianliu,mnjtli,5
2456,luo,mnjtli,5
2457,qianliu,acwang,2
2458,luo,acwang,2
2459,qianliu,ni,12
2460,luo,ni,12
2461,qianliu,yyli,10
2462,luo,yyli,10
2463,qianliu,yike,3
2464,luo,yike,3
2465,qianliu,qyang,2
2466,luo,qyang,2
2467,qianliu,huamin,2
2468,luo,huamin,2
2469,qianliu,chzlin,1
2470,luo,chzlin,1
2471,qianliu,liuyh,5
2472,luo,liuyh,5
2473,chguo,mnjtli,6
2474,chguo,tangbenz,2
2475,chguo,chdai,2
2476,chguo,jxia,1
2477,chguo,liuhb,1
2478,chguo,ni,4
2479,chguo,yyli,5
2480,chguo,qianzh,5
2481,chguo,eexu,5
2482,chguo,keckchan,2
2483,chguo,chzlin,1
2484,chguo,liuyh,2
2485,chguo,phgkwong,3
2486,machas,bokchow,3
2487,meymf,chsyang,3
2488,sunjw,chsyang,3
2489,meymf,mnjtli,3
2490,sunjw,mnjtli,3
2491,meymf,tangbenz,7
2492,sunjw,tangbenz,7
2493,meymf,joneja,9
2494,sunjw,joneja,9
2495,meymf,phkswong,2
2496,sunjw,phkswong,2
2497,meymf,mchan,1
2498,sunjw,mchan,1
2499,meymf,mefrank,3
2500,sunjw,mefrank,3
2501,meymf,mektang,9
2502,sunjw,mektang,9
2503,meymf,liuyh,3
2504,sunjw,liuyh,3
2505,meymf,eeluong,2
2506,meymf,meqiu,2
2507,sunjw,eeluong,2
2508,sunjw,meqiu,2
2509,meymf,meqpsun,2
2510,sunjw,meqpsun,2
2511,mnjtli,phkswong,4
2512,mnjtli,qyang,4
2513,mnjtli,cezhangl,3
2514,mnjtli,bczgwu,3
2515,mnjtli,yike,2
2516,mnjtli,sheng,7
2517,mnjtli,chsyang,8
2518,mnjtli,eezfan,4
2519,mnjtli,liuhb,1
2520,mnjtli,mchan,17
2521,mnjtli,ckleung,1
2522,mnjtli,bccliang,2
2523,mnjtli,gchan,2
2524,mnjtli,majfung,1
2525,mnjtli,ni,2
2526,mnjtli,qirz,1
2527,mnjtli,eecheng,4
2528,mnjtli,tangbenz,25
2529,mnjtli,eekjchen,1
2530,mnjtli,mezhangt,4
2531,mnjtli,chzlin,9
2532,mnjtli,liuyh,4
2533,kikkert,mabfchen,1
2534,rtong,mabfchen,1
2535,kikkert,cechii,3
2536,rtong,cechii,3
2537,cejkuang,ceyhwang,2
2538,eeshsong,liuhb,5
2539,sowu,liuhb,5
2540,chrenneb,chsyang,3
2541,chrenneb,meqpsun,1
2542,chrenneb,phkkfung,2
2543,chrenneb,imsmng,2
2544,chrenneb,tangbenz,2
2545,johnwei,acwang,6
2546,johnwei,ackw,1
2547,johnwei,eekjchen,2
2548,johnwei,acchen,3
2549,mnlfarh,prithvi,1
2550,mnlfarh,sshum,1
2551,hymak,prithvi,1
2552,hymak,sshum,1
2553,mnlfarh,chzlin,1
2554,hymak,chzlin,1
2555,phloy,chsyang,2
2556,phloy,acwang,2
2557,phloy,mawang,1
2558,phloy,phkkfung,3
2559,phloy,imsmng,3
2560,phloy,sheng,4
2561,phloy,phzktang,3
2562,phloy,phaltman,12
2563,phloy,dusw,29
2564,phloy,chzlin,2
2565,phloy,phgkwong,23
2566,ceyhwang,cezhangl,1
2567,ceyhwang,bczgwu,1
2568,ceyhwang,maqmshao,1
2569,lzhang,mabfchen,1
2570,lzhang,acwang,1
2571,lzhang,liuhb,3
2572,lzhang,qyang,1
2573,fnfntlui,leonard,2
2574,hunkim,tangbenz,2
2575,hunkim,yike,1
2576,majing,sytsang,1
2577,mkjiewen,sytsang,1
2578,majing,maqmshao,5
2579,mkjiewen,maqmshao,5
2580,acwang,chsyang,3
2581,acwang,joneja,1
2582,acwang,majfung,1
2583,acwang,ni,1
2584,acwang,dusw,2
2585,acwang,mabfchen,1
2586,acwang,mchan,3
2587,acwang,tangbenz,3
2588,acwang,phkkfung,1
2589,acwang,imsmng,1
2590,acwang,phgkwong,2
2591,acwang,ackw,1
2592,acwang,phtai,2
2593,soalvin,sobaark,3
2594,mebhuang,mezhangt,10
2595,mebhuang,qirz,1
2596,mebhuang,eebert,1
2597,mebhuang,eejzhang,1
2598,mebhuang,gwang,1
2599,mebhuang,eezfan,1
2600,mebhuang,eekjchen,2
2601,mebhuang,liuhb,10
2602,mebhuang,chsyang,1
2603,almiller,cecmchan,1
2604,almiller,barnie,51
2605,qirz,liuyh,1
2606,qirz,yyli,2
2607,tangbenz,chsyang,1
2608,tangbenz,phzktang,1
2609,tangbenz,liuhb,2
2610,tangbenz,phkswong,41
2611,tangbenz,mabfchen,7
2612,tangbenz,mchan,1
2613,tangbenz,gwang,4
2614,tangbenz,chzlin,1
2615,tangbenz,yyli,2
2616,tangbenz,dusw,1
2617,tangbenz,meqpsun,11
2618,tangbenz,liuyh,42
2619,tangbenz,phgkwong,3
2620,tangbenz,pengq,4
2621,tangbenz,kwtleung,6
2622,boamy,liuyh,1
2623,boamy,boyung,7
2624,boamy,jxia,5
2625,lortz,mezhangt,6
2626,lortz,phzktang,5
2627,lortz,liuhb,2
2628,lortz,qianzh,2
2629,lortz,eexu,2
2630,lortz,sheng,11
2631,lortz,maqmshao,2
2632,lortz,phgkwong,3
2633,lortz,gwang,3
2634,bokchow,cecmchan,4
2635,ni,liuhb,1
2636,ni,qianzh,19
2637,ni,eexu,19
2638,ni,qyang,5
2639,ni,huamin,10
2640,ni,liuyh,84
2641,ni,gwang,4
2642,dasgupta,riksen,2
2643,dasgupta,kachan,1
2644,xhzheng,chsyang,4
2645,hyan,chsyang,4
2646,xhzheng,liuyh,2
2647,hyan,liuyh,2
2648,xhzheng,yyli,2
2649,hyan,yyli,2
2650,xhzheng,mezhangt,1
2651,hyan,mezhangt,1
2652,xhzheng,zwei,1
2653,hyan,zwei,1
2654,xhzheng,eezfan,1
2655,hyan,eezfan,1
2656,mektang,liuyh,6
2657,mektang,eewhmow,1
2658,mektang,eekjchen,1
2659,mektang,joneja,24
2660,dusw,phgkwong,23
2661,dusw,phzktang,8
2662,chzlin,chsyang,1
2663,chzlin,phzktang,5
2664,chzlin,liuhb,1
2665,chzlin,yyli,5
2666,chzlin,qianzh,1
2667,chzlin,eexu,1
2668,chzlin,mahuang,1
2669,chzlin,gzhu,1
2670,chzlin,sheng,3
2671,chzlin,maqmshao,1
2672,chzlin,phgkwong,1
2673,liuyh,phkswong,4
2674,liuyh,qyang,3
2675,liuyh,mawang,2
2676,liuyh,huamin,1
2677,liuyh,cezhangl,3
2678,liuyh,bczgwu,3
2679,liuyh,dekai,1
2680,liuyh,chdai,3
2681,liuyh,joneja,3
2682,liuyh,yike,3
2683,liuyh,qianzh,15
2684,liuyh,eexu,15
2685,liuyh,chsyang,4
2686,liuyh,liuhb,1
2687,liuyh,yswong,2
2688,liuyh,mchan,2
2689,liuyh,gwang,1
2690,liuyh,jxia,1
2691,liuyh,eekjchen,1
2692,ackw,acchen,1
2693,phzktang,mawang,1
2694,phzktang,yyli,2
2695,phzktang,phkswong,10
2696,phzktang,mchan,2
2697,phzktang,eekjchen,26
2698,phzktang,qianzh,12
2699,phzktang,eexu,12
2700,phzktang,phkkfung,1
2701,phzktang,imsmng,1
2702,phzktang,eejames,1
2703,phzktang,mezhangt,4
2704,phzktang,sheng,43
2705,phzktang,leonard,2
2706,phzktang,huamin,3
2707,phzktang,phgkwong,17
2708,boyung,botin,15
2709,boyung,chdai,1
2710,boyung,onon,5
2711,boyung,sytsang,2
2712,phkswong,chsyang,4
2713,phkswong,timkttse,2
2714,phkswong,yyli,4
2715,phkswong,gwang,3
2716,phkswong,phgkwong,46
2717,phkswong,bccliang,2
2718,mabfchen,chsyang,1
2719,mabfchen,liuhb,24
2720,mabfchen,mchan,2
2721,mabfchen,huamin,3
2722,mabfchen,maqmshao,1
2723,mabfchen,cechii,2
2724,eebert,pengq,3
2725,eejzhang,pengq,3
2726,eebert,dekai,1
2727,eejzhang,dekai,1
2728,qyang,chsyang,3
2729,qyang,liuhb,3
2730,qyang,yyli,3
2731,qyang,meqpsun,1
2732,qyang,gwang,3
2733,qyang,sytsang,1
2734,qyang,yswong,2
2735,qyang,horner,3
2736,phkkfung,chsyang,2
2737,imsmng,chsyang,2
2738,phkkfung,mezhangt,1
2739,imsmng,mezhangt,1
2740,phkkfung,liuhb,1
2741,imsmng,liuhb,1
2742,phkkfung,phgkwong,1
2743,imsmng,phgkwong,1
2744,eekjchen,chsyang,31
2745,eekjchen,mezhangt,4
2746,eekjchen,liuhb,2
2747,eekjchen,mchan,4
2748,eekjchen,qianzh,1
2749,eekjchen,eexu,1
2750,eekjchen,sytsang,1
2751,eekjchen,eeluong,2
2752,eekjchen,meqiu,2
2753,eewhmow,yyli,2
2754,acpchen,mezhangt,1
2755,huamin,liuhb,2
2756,huamin,mezhangt,1
2757,huamin,pengq,1
2758,huamin,cezhangl,1
2759,huamin,bczgwu,1
2760,phgkwong,chsyang,5
2761,phgkwong,mezhangt,2
2762,phgkwong,liuhb,1
2763,phgkwong,gwang,10
2764,phgkwong,sheng,2
2765,phgkwong,phaltman,1
2766,cezhangl,cecmchan,1
2767,bczgwu,cecmchan,1
2768,cezhangl,cechii,1
2769,bczgwu,cechii,1
2770,kwtleung,wng,9
2771,kwtleung,phtai,1
2772,myik,mnewong,1
2773,chdai,yyli,4
2774,chdai,dekai,3
2775,yaoli,yyli,4
2776,yike,yyli,4
2777,yike,zwei,9
2778,yike,qianzh,15
2779,yike,eexu,15
2780,zwei,chsyang,14
2781,zwei,yyli,2
2782,zwei,bccliang,4
2783,zwei,eezfan,4
2784,phtai,mawang,1
2785,phtai,keckchan,1
2786,qianzh,chsyang,9
2787,eexu,chsyang,9
2788,qianzh,majfung,1
2789,eexu,majfung,1
2790,qianzh,mchan,3
2791,eexu,mchan,3
2792,qianzh,sheng,3
2793,eexu,sheng,3
2794,qianzh,keckchan,4
2795,eexu,keckchan,4
2796,qianzh,gwang,8
2797,eexu,gwang,8
2798,qianzh,gchan,11
2799,eexu,gchan,11
2800,qianzh,dekai,3
2801,eexu,dekai,3
2802,qianzh,eezfan,8
2803,eexu,eezfan,8
2804,dekai,chsyang,1
2805,dekai,majfung,2
2806,dekai,mchan,1
2807,dekai,phaltman,1
2808,sheng,chsyang,10
2809,sheng,mezhangt,10
2810,sheng,liuhb,1
2811,sheng,yyli,1
2812,sheng,mahuang,6
2813,sheng,gzhu,6
2814,sheng,mawang,16
2815,cechii,yyli,5
2816,onon,mezhangt,1
2817,onon,yyli,1
2818,chsyang,eezfan,6
2819,chsyang,liuhb,6
2820,chsyang,yyli,9
2821,chsyang,mchan,4
2822,chsyang,sytsang,1
2823,chsyang,mezhangt,3
2824,ceneilm,cecmchan,7
2825,eezfan,yyli,1
2826,liuhb,mezhangt,3
2827,liuhb,sytsang,3
2828,mchan,yyli,5
2829,mchan,gwang,2
2830,mchan,eeluong,3
2831,mchan,meqiu,3
2832,mchan,bccliang,1
2833,mchao,yyli,3
2834,wng,yyli,2
2835,cecmchan,ckleung,1
2836,kevintam,yyli,1
2837,gwang,mezhangt,5
2838,majfung,timkttse,1
2839,majfung,yyli,10
2840,yyli,mezhangt,5
2841,yyli,keckchan,1
2842,mezhangt,botin,5
2843,mezhangt,meqpsun,1
